"","lacroixke"
"lacroixke","cottrillad"
"lacroixke","mohrll"
"lacroixke","davisch"
"lacroixke","gonderda"
"gonderda","liskauskasar"
"gonderda","curriest"
"gonderda","glynnte"
"gonderda","ritchieja"
"gonderda","sutterda"
"gonderda","chasema"
"gonderda","rogersky"
"davisch","speersje"
"davisch","gilest"
"davisch","leevi"
"davisch","wilsonda"
"davisch","walmselyte"
"davisch","brunetli"
"davisch","brookhamjo"
"davisch","macleanbr"
"lacroixke","fischerfr"
"fischerfr","berglunder"
"fischerfr","chongst"
"fischerfr","mcneelybo"
"fischerfr","montgomeryda"
"fischerfr","schmidtka"
"fischerfr","aholaki"
